Date,Open,High,Low,Close,Volume,Market Cap
2022/11/27,16457.61,16503.91,16446.59,16489.81,11754.33237,11754.33237
2022/11/26,16521.35,16701.99,16385,16458.57,181804.8167,181804.8167
2022/11/25,16599.55,16666,16342.81,16522.14,182089.4953,182089.4953
2022/11/24,16603.11,16812.63,16458.05,16598.95,206565.9235,206565.9235
2022/11/23,16227.96,16706,16160.2,16603.11,264927.7041,264927.7041
2022/11/22,15781.29,16315,15616.63,16226.94,239548.0662,239548.0662
2022/11/21,16279.5,16319,15476,15781.29,324096.9978,324096.9978
2022/11/20,16700.68,16753.33,16180,16280.23,154842.1348,154842.1348
2022/11/19,16699.43,16822.41,16553.53,16700.68,104963.1556,104963.1556
2022/11/18,16692.56,17011,16546.04,16700.45,214224.1818,214224.1818
2022/11/17,16661.61,16751,16410.74,16692.56,228038.9787,228038.9787
2022/11/16,16900.57,17015.92,16378.61,16662.76,261493.4081,261493.4081
2022/11/15,16617.72,17134.69,16527.72,16900.57,282461.8439,282461.8439
2022/11/14,16331.78,17190,15815.21,16619.46,380210.7775,380210.7775
2022/11/13,16813.16,16954.28,16229,16329.85,184960.7885,184960.7885
2022/11/12,17069.98,17119.1,16631.39,16812.08,167819.9604,167819.9604
2022/11/11,17602.45,17695,16361.6,17070.31,393552.8649,393552.8649
2022/11/10,15922.68,18199,15754.26,17601.15,608448.3643,608448.3643
2022/11/9,18545.38,18587.76,15588,15922.81,731926.9297,731926.9297
2022/11/8,20590.67,20700.88,17166.83,18547.23,760705.3628,760705.3628
2022/11/7,20905.58,21069.77,20384.89,20591.13,386977.6034,386977.6034
2022/11/6,21299.37,21365.27,20886.13,20905.58,230036.9722,230036.9722
2022/11/5,21148.52,21480.65,21080.65,21299.37,245621.9853,245621.9853
2022/11/4,20207.12,21302.05,20180.96,21148.52,453694.3917,453694.3917
2022/11/3,20151.84,20393.32,20031.24,20207.82,319185.1544,319185.1544
2022/11/2,20482.81,20800,20048.04,20151.84,373716.273,373716.273
2022/11/1,20490.74,20700,20330.74,20483.62,279932.4377,279932.4377
2022/10/31,20627.48,20845.92,20237.95,20490.74,303567.6163,303567.6163
2022/10/30,20809.68,20931.21,20515,20627.48,192795.6089,192795.6089
2022/10/29,20591.84,21085,20554.01,20809.67,254881.7776,254881.7776
2022/10/28,20295.11,20750,20000.09,20591.84,287039.9457,287039.9457
2022/10/27,20771.61,20872.21,20200,20295.11,328643.5779,328643.5779
2022/10/26,20079.02,21020,20050.41,20771.59,380492.6958,380492.6958
2022/10/25,19330.6,20415.87,19237,20080.07,326370.6706,326370.6706
2022/10/24,19570.4,19601.15,19157,19329.72,256168.1447,256168.1447
2022/10/23,19204.29,19695,19070.11,19570.4,167057.2018,167057.2018
2022/10/22,19164.37,19257,19112.72,19204.35,110403.9084,110403.9084
2022/10/21,19041.92,19250,18650,19164.37,269310.7577,269310.7577
2022/10/20,19123.35,19347.82,18900,19041.92,223530.1307,223530.1307
2022/10/19,19327.44,19360.16,19065.97,19123.97,186137.2954,186137.2954
2022/10/18,19548.48,19706.66,19091,19327.44,260313.0785,260313.0785
2022/10/17,19262.98,19676.96,19152.03,19549.86,222813.8763,222813.8763
2022/10/16,19068.4,19425.84,19063.74,19262.98,131894.6189,131894.6189
2022/10/15,19176.93,19227.68,18975.18,19069.39,113847.6423,113847.6423
2022/10/14,19375.58,19951.87,19070.37,19176.93,351634.326,351634.326
2022/10/13,19155.1,19513.79,18190,19375.13,399756.6834,399756.6834
2022/10/12,19060,19238.31,18965.88,19155.53,213826.2673,213826.2673
2022/10/11,19131.87,19268.09,18860,19060,243473.8429,243473.8429
2022/10/10,19439.96,19525,19020.25,19131.87,212509.0985,212509.0985
2022/10/9,19416.52,19558,19316.04,19439.02,113900.8268,113900.8268
2022/10/8,19530.09,19627.38,19237.14,19417.96,102480.0984,102480.0984
2022/10/7,19960.67,20068.82,19320,19530.09,220874.8391,220874.8391
2022/10/6,20158.26,20456.6,19853,19960.67,320122.1702,320122.1702
2022/10/5,20337.82,20365.6,19730,20158.26,312239.7522,312239.7522
2022/10/4,19629.08,20475,19490.6,20337.82,327012.0013,327012.0013
2022/10/3,19057.74,19719.1,18959.68,19629.08,293585.7521,293585.7521
2022/10/2,19312.24,19395.91,18920.35,19056.8,206812.4703,206812.4703
2022/10/1,19422.61,19484,19159.42,19310.95,165625.1396,165625.1396
2022/9/30,19590.54,20185,19155.36,19422.61,444322.9534,444322.9534
2022/9/29,19412.82,19645.52,18843.01,19591.51,406424.9326,406424.9326
2022/9/28,19078.1,19790,18471.28,19412.82,521385.4555,521385.4555
2022/9/27,19226.68,20385.86,18816.32,19079.13,593260.7416,593260.7416
2022/9/26,18809.13,19318.96,18680.72,19227.82,439239.2194,439239.2194
2022/9/25,18921.99,19180.21,18629.2,18807.38,191191.4492,191191.4492
2022/9/24,19288.57,19316.14,18805.34,18920.5,239496.5675,239496.5675
2022/9/23,19401.63,19500,18531.42,19289.91,385886.9183,385886.9183
2022/9/22,18461.36,19550.17,18356.39,19401.63,379321.7211,379321.7211
2022/9/21,18874.31,19956,18125.98,18461.36,385034.1002,385034.1002
2022/9/20,19537.02,19634.62,18711.87,18875,324098.3286,324098.3286
2022/9/19,19417.45,19686.2,18232.56,19537.02,380512.4031,380512.4031
2022/9/18,20112.61,20117.26,19335.62,19416.18,254217.469,254217.469
2022/9/17,19803.3,20189,19748.08,20113.62,179350.2434,179350.2434
2022/9/16,19701.88,19890,19320.01,19803.3,283791.0706,283791.0706
2022/9/15,20227.17,20330.24,19497,19701.88,333069.7608,333069.7608
2022/9/14,20173.62,20541.48,19617.62,20226.71,340826.4015,340826.4015
2022/9/13,22395.44,22799,19860,20173.57,431915.0333,431915.0333
2022/9/12,21826.87,22488,21538.51,22395.74,395395.6183,395395.6183
2022/9/11,21647.21,21860,21350,21826.87,280702.5515,280702.5515
2022/9/10,21361.62,21810.8,21111.13,21648.34,307997.335,307997.335
2022/9/9,19320.54,21597.22,19291.75,21360.11,428919.7465,428919.7465
2022/9/8,19292.85,19458.25,19012,19319.77,262813.2827,262813.2827
2022/9/7,18790.61,19464.06,18510.77,19292.84,287394.7788,287394.7788
2022/9/6,19795.34,20180,18649.51,18790.61,356315.0572,356315.0572
2022/9/5,20000.3,20057.27,19633.83,19796.84,222543.0106,222543.0106
2022/9/4,19832.45,20029.23,19583.1,20000.3,145588.7789,145588.7789
2022/9/3,19950.98,20055.93,19652.72,19831.9,146639.032,146639.032
2022/9/2,20132.64,20441.26,19755.29,19951.86,245986.6033,245986.6033
2022/9/1,20048.44,20208.37,19565.66,20131.46,245289.9726,245289.9726
2022/8/31,19813.03,20490,19797.94,20050.02,276946.6077,276946.6077
2022/8/30,20287.2,20576.25,19540,19811.66,256634.3553,256634.3553
2022/8/29,19555.61,20433.62,19550.79,20285.73,210509.4955,210509.4955
2022/8/28,20037.6,20171.18,19520,19555.61,139307.9598,139307.9598
2022/8/27,20239.14,20402.93,19800,20037.6,162582.4603,162582.4603
2022/8/26,21559.04,21886.77,20107.9,20241.05,273811.6196,273811.6196
2022/8/25,21368.05,21819.88,21310.15,21559.04,169915.783,169915.783
2022/8/24,21529.11,21900,21145,21368.08,174383.2205,174383.2205
2022/8/23,21400.75,21684.87,20890.14,21529.12,200967.7716,200967.7716
2022/8/22,21516.7,21548.71,20890.18,21399.83,222222.0453,222222.0453
2022/8/21,21140.07,21800,21069.11,21515.61,159200.6841,159200.6841
2022/8/20,20834.39,21382.85,20761.9,21140.07,183041.6836,183041.6836
2022/8/19,23191.45,23208.67,20783.57,20834.39,283995.8775,283995.8775
2022/8/18,23342.66,23600,23111.04,23191.2,144185.9701,144185.9701
2022/8/17,23856.15,24446.71,23180.4,23342.66,210668.6877,210668.6877
2022/8/16,24093.04,24247.49,23671.22,23854.74,179324.9482,179324.9482
2022/8/15,24305.25,25211.32,23773.22,24094.82,242539.5476,242539.5476
2022/8/14,24443.06,25047.56,24144,24305.24,151206.1447,151206.1447
2022/8/13,24401.7,24888,24291.22,24441.38,152852.2544,152852.2544
2022/8/12,23933.09,24456.5,23583,24403.68,174207.5704,174207.5704
2022/8/11,23954.05,24918.54,23852.13,23934.39,249759.7956,249759.7956
2022/8/10,23151.32,24226,22664.69,23954.05,208916.5495,208916.5495
2022/8/9,23810.98,23933.25,22865,23149.95,143182.5086,143182.5086
2022/8/8,23174.39,24245,23154.25,23810,170958.4415,170958.4415
2022/8/7,22954.21,23402,22844.62,23174.39,88890.00877,88890.00877
2022/8/6,23313.56,23354.36,22909.52,22954.21,83911.80307,83911.80307
2022/8/5,22622.41,23472.86,22586.95,23312.42,175251.6975,175251.6975
2022/8/4,22816.91,23223.32,22400,22622.98,154854.6702,154854.6702
2022/8/3,22985.93,23647.68,22681.22,22818.37,145948.81,145948.81
2022/8/2,23266.9,23459.89,22654.37,22987.79,158073.2823,158073.2823
2022/8/1,23296.36,23509.68,22850,23268.01,144210.1622,144210.1622
2022/7/31,23644.64,24194.82,23227.31,23293.32,127743.3248,127743.3248
2022/7/30,23777.28,24668,23502.25,23643.51,151060.1321,151060.1321
2022/7/29,23845.25,24442.66,23414.03,23773.75,198298.5062,198298.5062
2022/7/28,22954.31,24199.72,22582.13,23842.93,236029.0741,236029.0741
2022/7/27,21254.67,23112.63,21042.53,22952.45,210971.198,210971.198
2022/7/26,21310.9,21347.82,20706.5,21254.67,177817.2433,177817.2433
2022/7/25,22577.13,22666,21250,21310.9,180344.7664,180344.7664
2022/7/24,22448.58,23014.64,22257.15,22579.68,115189.6728,115189.6728
2022/7/23,22684.83,23000.77,21934.57,22451.07,122137.7738,122137.7738
2022/7/22,23152.19,23756.49,22500,22684.83,171598.4397,171598.4397
2022/7/21,23223.3,23442.77,22341.46,23152.19,184817.6819,184817.6819
2022/7/20,23398.48,24276.74,22906.19,23223.3,238762.1709,238762.1709
2022/7/19,22432.58,23800,21579.54,23396.62,263770.7657,263770.7657
2022/7/18,20799.58,22777.63,20762.45,22432.58,239942.7313,239942.7313
2022/7/17,21195.6,21684.54,20750.01,20798.16,118229.4525,118229.4525
2022/7/16,20830.04,21588.94,20478.61,21195.6,121011.6739,121011.6739
2022/7/15,20588.84,21200,20382.29,20830.04,143343.3049,143343.3049
2022/7/14,20234.87,20900,19616.07,20588.84,174809.217,174809.217
2022/7/13,19331.28,20366.61,18910.94,20234.87,209250.2489,209250.2489
2022/7/12,19963.61,20059.42,19240,19328.75,139506.4586,139506.4586
2022/7/11,20861.11,20868.48,19875.23,19963.61,137535.4072,137535.4072
2022/7/10,21592.15,21607.65,20655,20862.47,192188.2156,192188.2156
2022/7/9,21594.75,21980,21322.12,21591.83,178417.8447,178417.8447
2022/7/8,21624.99,22527.37,21189.26,21594.75,403081.5735,403081.5735
2022/7/7,20564.51,21838.1,20251.68,21624.98,85014.58261,85014.58261
2022/7/6,20175.84,20675.22,19761.25,20564.51,82439.5808,82439.5808
2022/7/5,20236.71,20750,19304.4,20175.83,96041.13756,96041.13756
2022/7/4,19315.83,20354.01,19055.31,20236.71,74814.04601,74814.04601
2022/7/3,19252.82,19647.63,18781,19315.83,51087.46631,51087.46631
2022/7/2,19279.8,19467.39,18977.01,19252.81,46180.3021,46180.3021
2022/7/1,19942.21,20918.35,18975,19279.8,111844.5949,111844.5949
2022/6/30,20123,20179.08,18626,19942.21,93846.64806,93846.64806
2022/6/29,20281.28,20432.31,19854.92,20123.01,77309.04379,77309.04379
2022/6/28,20742.57,21212.1,20202.01,20281.29,63801.0832,63801.0832
2022/6/27,21038.08,21539.85,20510,20742.56,64475.0013,64475.0013
2022/6/26,21491.18,21888,20964.73,21038.07,53278.10464,53278.10464
2022/6/25,21237.68,21614.5,20906.62,21491.19,51431.67794,51431.67794
2022/6/24,21110.12,21558.41,20736.72,21237.69,77430.36622,77430.36622
2022/6/23,19988,21233,19890.07,21110.13,83127.08716,83127.08716
2022/6/22,20723.51,20900,19770.51,19987.99,92133.97938,92133.97938
2022/6/21,20573.9,21723,20348.4,20723.52,104371.0749,104371.0749
2022/6/20,20574,21090,19637.03,20573.89,109028.9415,109028.9415
2022/6/19,18970.79,20815.95,17960.41,20574,128320.876,128320.876
2022/6/18,20468.81,20792.06,17622,18970.79,196441.6555,196441.6555
2022/6/17,20400.6,21365.43,20246.66,20468.81,86694.33663,86694.33663
2022/6/16,22583.72,22995.73,20232,20401.31,99673.59429,99673.59429
2022/6/15,22136.42,22800,20111.62,22583.72,200774.4935,200774.4935
2022/6/14,22485.27,23362.88,20846,22136.41,187201.6467,187201.6467
2022/6/13,26574.53,26895.84,21925.77,22487.41,254611.035,254611.035
2022/6/12,28424.71,28544.96,26560,26574.53,92474.59881,92474.59881
2022/6/11,29091.87,29440.41,28099.99,28424.7,65901.39895,65901.39895
2022/6/10,30109.93,30382.8,28850,29091.88,76204.2498,76204.2498
2022/6/9,30204.77,30700,29944.1,30109.93,46291.1865,46291.1865
2022/6/8,31125.32,31327.22,29843.88,30204.77,68542.61276,68542.61276
2022/6/7,31373.1,31589.6,29218.96,31125.33,110674.5166,110674.5166
2022/6/6,29919.2,31765.64,29890.23,31373.1,68836.92456,68836.92456
2022/6/5,29864.03,30189,29531.42,29919.21,23139.9281,23139.9281
2022/6/4,29700.21,29988.88,29485,29864.04,25617.90113,25617.90113
2022/6/3,30452.63,30699,29282.36,29700.21,54067.44727,54067.44727
2022/6/2,29805.84,30689,29594.55,30452.62,56961.42928,56961.42928
2022/6/1,31801.05,31982.97,29301,29805.83,103395.6338,103395.6338
2022/5/31,31734.23,32399,31200.01,31801.04,62433.11632,62433.11632
2022/5/30,29468.1,32222,29299.62,31734.22,96785.9476,96785.9476
2022/5/29,29031.33,29587.78,28839.21,29468.1,27567.34764,27567.34764
2022/5/28,28629.81,29266,28450,29031.33,34479.35127,34479.35127
2022/5/27,29201.35,29397.66,28282.9,28629.8,90998.5201,90998.5201
2022/5/26,29542.14,29886.64,28019.56,29201.35,94581.65463,94581.65463
2022/5/25,29654.58,30223.74,29294.21,29542.15,59537.38659,59537.38659
2022/5/24,29109.14,29845.86,28669,29654.58,59442.96036,59442.96036
2022/5/23,30293.93,30670.51,28866.35,29109.15,63901.49932,63901.49932
2022/5/22,29445.07,30487.99,29255.11,30293.94,36158.98748,36158.98748
2022/5/21,29201.01,29656.18,28947.28,29445.06,20987.13124,20987.13124
2022/5/20,30319.22,30777.33,28730,29201.01,60517.25325,60517.25325
2022/5/19,28715.33,30545.18,28691.38,30319.23,67877.36415,67877.36415
2022/5/18,30444.93,30709.99,28654.47,28715.32,59749.15799,59749.15799
2022/5/17,29874.01,30788.37,29450.38,30444.93,56724.13307,56724.13307
2022/5/16,31328.89,31328.9,29087.04,29874.01,73082.19658,73082.19658
2022/5/15,30086.74,31460,29480,31328.89,46275.66912,46275.66912
2022/5/14,29287.05,30343.27,28630,30086.74,51095.87863,51095.87863
2022/5/13,29029.74,31083.37,28751.67,29287.05,97872.36957,97872.36957
2022/5/12,29103.94,30243,26700,29029.75,204507.2631,204507.2631
2022/5/11,31017.11,32162.59,27785,29103.94,207063.7393,207063.7393
2022/5/10,30074.23,32658.99,29730.4,31017.1,165532.0031,165532.0031
2022/5/9,34038.39,34243.15,30033.33,30076.31,191876.9264,191876.9264
2022/5/8,35472.4,35514.22,33713.95,34038.4,72445.64344,72445.64344
2022/5/7,36013.77,36146.3,34785,35472.39,34281.70682,34281.70682
2022/5/6,36552.97,36675.63,35258,36013.77,68437.80187,68437.80187
2022/5/5,39690,39845.51,35571.9,36552.97,88722.43355,88722.43355
2022/5/4,37728.95,40023.77,37670,39690,62574.61736,62574.61736
2022/5/3,38525.16,38651.51,37517.8,37728.95,40316.45358,40316.45358
2022/5/2,38468.35,39167.34,38052,38525.16,53200.92628,53200.92628
2022/5/1,37630.8,38675,37386.38,38468.35,38812.24104,38812.24104
2022/4/30,38596.11,38795.38,37578.2,37630.8,35321.18989,35321.18989
2022/4/29,39742.06,39925.25,38175,38596.11,51453.65715,51453.65715
2022/4/28,39235.72,40372.63,38881.43,39742.07,56086.6715,56086.6715
2022/4/27,38112.64,39474.72,37881.31,39235.72,57083.12272,57083.12272
2022/4/26,40426.08,40797.31,37702.26,38112.65,66650.258,66650.258
2022/4/25,39450.12,40616,38200,40426.08,63037.12784,63037.12784
2022/4/24,39441.61,39940,38929.62,39450.13,26703.61186,26703.61186
2022/4/23,39709.19,39980,39285,39441.6,20291.42375,20291.42375
2022/4/22,40480.01,40795.06,39177,39709.18,46664.0196,46664.0196
2022/4/21,41358.19,42976,39751,40480.01,59316.27657,59316.27657
2022/4/20,41493.19,42199,40820,41358.19,40877.35041,40877.35041
2022/4/19,40801.13,41760,40571,41493.18,35788.85843,35788.85843
2022/4/18,39678.11,41116.73,38536.51,40801.13,54243.49575,54243.49575
2022/4/17,40378.7,40595.67,39546.17,39678.12,19988.49259,19988.49259
2022/4/16,40551.9,40709.35,39991.55,40378.71,15805.44718,15805.44718
2022/4/15,39942.37,40870.36,39766.4,40551.9,24026.35739,24026.35739
2022/4/14,41147.78,41500,39551.94,39942.38,36807.01401,36807.01401
2022/4/13,40074.95,41561.31,39588.54,41147.79,41342.27254,41342.27254
2022/4/12,39530.45,40699,39254.63,40074.94,57751.01778,57751.01778
2022/4/11,42158.85,42414.71,39200,39530.45,63560.44721,63560.44721
2022/4/10,42753.96,43410.3,41868,42158.85,22771.09403,22771.09403
2022/4/9,42252.02,42800,42125.48,42753.97,17891.66047,17891.66047
2022/4/8,43444.2,43970.62,42107.14,42252.01,42375.04203,42375.04203
2022/4/7,43170.47,43900.99,42727.35,43444.19,37396.54156,37396.54156
2022/4/6,45497.54,45507.14,43121,43170.47,60849.32936,60849.32936
2022/4/5,46580.5,47200,45353.81,45497.55,42192.74852,42192.74852
2022/4/4,46407.36,46890.71,45118,46580.51,44641.87514,44641.87514
2022/4/3,45810.99,47444.11,45530.92,46407.35,33394.67794,33394.67794
2022/4/2,46283.49,47213,45620,45811,37073.53582,37073.53582
2022/4/1,45510.35,46720.09,44200,46283.49,56271.06474,56271.06474
2022/3/31,47067.99,47600,45200,45510.34,48645.12667,48645.12667
2022/3/30,47434.79,47700.22,46445.42,47067.99,40947.2085,40947.2085
2022/3/29,47122.21,48096.47,46950.85,47434.8,36772.28457,36772.28457
2022/3/28,46827.76,48189.84,46663.56,47122.21,58949.2614,58949.2614
2022/3/27,44511.27,46999,44421.46,46827.76,41874.91071,41874.91071
2022/3/26,44313.16,44792.99,44071.97,44511.27,23041.61741,23041.61741
2022/3/25,43991.46,45094.14,43579,44313.16,54614.43648,54614.43648
2022/3/24,42882.76,44220.89,42560.46,43991.46,56195.12374,56195.12374
2022/3/23,42364.13,43025.96,41751.47,42882.76,40828.87039,40828.87039
2022/3/22,41002.26,43361,40875.51,42364.13,59454.94294,59454.94294
2022/3/21,41262.11,41544.22,40467.94,41002.25,39426.24877,39426.24877
2022/3/20,42201.13,42296.26,40911,41262.11,30653.33468,30653.33468
2022/3/19,41757.51,42400,41499.29,42201.13,29067.18108,29067.18108
2022/3/18,40917.89,42325.02,40135.04,41757.51,45408.00969,45408.00969
2022/3/17,41114.01,41478.82,40500,40917.9,37189.38087,37189.38087
2022/3/16,39280.33,41718,38828.48,41114,88120.76167,88120.76167
2022/3/15,39671.37,39887.61,38098.33,39280.33,46015.54926,46015.54926
2022/3/14,37777.35,39947.12,37555,39671.37,46945.45375,46945.45375
2022/3/13,38807.35,39310,37578.51,37777.34,32791.82359,32791.82359
2022/3/12,38729.57,39486.71,38660.52,38807.36,24034.36432,24034.36432
2022/3/11,39422.01,40236.26,38223.6,38729.57,59018.7642,59018.7642
2022/3/10,41941.7,42039.63,38539.73,39422,71962.93154,71962.93154
2022/3/9,38730.63,42594.06,38656.45,41941.71,67392.58799,67392.58799
2022/3/8,37988.01,39362.08,37867.65,38730.63,55583.06638,55583.06638
2022/3/7,38420.8,39547.57,37155,37988,63994.11559,63994.11559
2022/3/6,39397.97,39693.87,38088.57,38420.81,39677.26158,39677.26158
2022/3/5,39148.65,39613.24,38407.59,39397.96,30363.13341,30363.13341
2022/3/4,42454,42527.3,38550,39148.66,61964.68498,61964.68498
2022/3/3,43892.99,44101.12,41832.28,42454,50940.61021,50940.61021
2022/3/2,44421.2,45400,43334.09,43892.98,57782.65081,57782.65081
2022/3/1,43160,44949,42809.98,44421.2,61743.09873,61743.09873
2022/2/28,37699.08,44225.84,37450.17,43160,73945.63858,73945.63858
2022/2/27,39116.73,39855.7,37000,37699.07,46229.44719,46229.44719
2022/2/26,39219.16,40348.45,38573.18,39116.72,29361.2568,29361.2568
2022/2/25,38328.68,39683.53,38014.37,39219.17,56574.57125,56574.57125
2022/2/24,37250.02,39843,34322.28,38327.21,120476.2946,120476.2946
2022/2/23,38230.33,39249.93,37036.79,37250.01,43560.732,43560.732
2022/2/22,37008.16,38429,36350,38230.33,53785.94589,53785.94589
2022/2/21,38386.89,39494.35,36800,37008.16,62347.68496,62347.68496
2022/2/20,40079.17,40125.44,38000,38386.89,33439.29011,33439.29011
2022/2/19,39974.45,40444.32,39639.03,40079.17,18042.0551,18042.0551
2022/2/18,40515.71,40959.88,39450,39974.44,43845.92241,43845.92241
2022/2/17,43873.56,44164.71,40073.21,40515.7,47245.99494,47245.99494
2022/2/16,44544.85,44549.97,43307,43873.56,28471.8727,28471.8727
2022/2/15,42535.94,44751.4,42427.03,44544.86,38095.19576,38095.19576
2022/2/14,42053.65,42842.4,41550.56,42535.94,34010.1306,34010.1306
2022/2/13,42217.87,42760,41870,42053.66,17732.08113,17732.08113
2022/2/12,42373.73,43079.49,41688.88,42217.87,26556.85681,26556.85681
2022/2/11,43495.44,43920,41938.51,42373.73,44975.1687,44975.1687
2022/2/10,44372.71,45821,43174.01,43495.44,62357.29091,62357.29091
2022/2/9,44043,44799,43117.92,44372.72,34428.16729,34428.16729
2022/2/8,43839.99,45492,42666,44042.99,64880.29387,64880.29387
2022/2/7,42380.87,44500.5,41645.85,43839.99,51060.62006,51060.62006
2022/2/6,41382.6,42656,41116.56,42380.87,22405.16704,22405.16704
2022/2/5,41571.7,41913.69,40843.01,41382.59,32532.34372,32532.34372
2022/2/4,37311.98,41772.33,37026.73,41574.25,64703.95874,64703.95874
2022/2/3,36896.37,37387,36250,37311.61,32081.10999,32081.10999
2022/2/2,38694.59,38855.92,36586.95,36896.36,35794.6813,35794.6813
2022/2/1,38466.9,39265.2,38000,38694.59,34574.44663,34574.44663
2022/1/31,37881.75,38744,36632.61,38466.9,36855.2458,36855.2458
2022/1/30,38166.83,38359.26,37351.63,37881.76,21430.66527,21430.66527
2022/1/29,37716.57,38720.74,37268.44,38166.84,26129.49682,26129.49682
2022/1/28,37160.11,38000,36155.01,37716.56,42154.26956,42154.26956
2022/1/27,36807.24,37234.47,35507.01,37160.1,53020.87934,53020.87934
2022/1/26,36958.32,38919.98,36234.63,36809.34,69830.16036,69830.16036
2022/1/25,36660.35,37545.14,35701,36958.32,49232.40183,49232.40183
2022/1/24,36244.55,37550,32917.17,36660.35,91904.75321,91904.75321
2022/1/23,35071.42,36499,34601.01,36244.55,44279.52354,44279.52354
2022/1/22,36445.31,36835.22,34008,35071.42,90471.33896,90471.33896
2022/1/21,40680.92,41100,35440.45,36445.31,88860.892,88860.892
2022/1/20,41660,43505,40553.31,40680.91,42330.33953,42330.33953
2022/1/19,42352.12,42559.13,41138.56,41660.01,31685.72159,31685.72159
2022/1/18,42201.63,42691,41250,42352.12,29324.08257,29324.08257
2022/1/17,43071.66,43176.18,41540.42,42201.62,27562.08613,27562.08613
2022/1/16,43084.29,43475,42581.79,43071.66,20602.35271,20602.35271
2022/1/15,43059.96,43800,42555,43084.29,21936.05616,21936.05616
2022/1/14,42558.35,43448.78,41725.95,43059.96,32640.88292,32640.88292
2022/1/13,43902.65,44500,42311.22,42560.11,34910.87762,34910.87762
2022/1/12,42729.29,44322,42450,43902.66,33943.2928,33943.2928
2022/1/11,41822.49,43100,41268.93,42729.29,37296.43729,37296.43729
2022/1/10,41864.62,42248.5,39650,41822.49,50729.17019,50729.17019
2022/1/9,41679.74,42786.7,41200.02,41864.62,22724.39426,22724.39426
2022/1/8,41566.48,42300,40501,41679.74,32952.73111,32952.73111
2022/1/7,43082.3,43145.83,40610,41566.48,54836.50818,54836.50818
2022/1/6,43451.14,43816,42430.58,43082.31,38880.37305,38880.37305
2022/1/5,45832.01,47070,42500,43451.13,51784.11857,51784.11857
2022/1/4,46446.1,47557.54,45500,45832.01,35491.4136,35491.4136
2022/1/3,47286.18,47570,45696,46446.1,27662.0771,27662.0771
2022/1/2,47722.66,47990,46654,47286.18,18340.4604,18340.4604
2022/1/1,46216.93,47954.63,46208.37,47722.65,19604.46325,19604.46325
2021/12/31,47120.88,48548.26,45678,46216.93,34937.99796,34937.99796
2021/12/30,46464.66,47900,45900,47120.87,30352.29569,30352.29569
2021/12/29,47543.74,48139.08,46096.99,46464.66,39498.87,39498.87
2021/12/28,50701.44,50704.05,47313.01,47543.74,45853.33924,45853.33924
2021/12/27,50775.48,52088,50449,50701.44,28792.21566,28792.21566
2021/12/26,50399.67,51280,49412,50775.49,22569.88914,22569.88914
2021/12/25,50819.99,51156.23,50142.32,50399.66,19135.51613,19135.51613
2021/12/24,50838.82,51810,50384.43,50820,31684.84269,31684.84269
2021/12/23,48588.17,51375,47920.42,50838.81,35192.54046,35192.54046
2021/12/22,48887.59,49576.13,48421.87,48588.16,27004.2022,27004.2022
2021/12/21,46914.17,49328.96,46630,48889.88,37713.92924,37713.92924
2021/12/20,46681.24,47537.57,45558.85,46914.16,35848.50609,35848.50609
2021/12/19,46834.47,48300.01,46406.91,46681.23,29305.70665,29305.70665
2021/12/18,46133.83,47392.37,45500,46834.48,25020.05271,25020.05271
2021/12/17,47632.38,47995.96,45456,46131.2,43104.4887,43104.4887
2021/12/16,48864.98,49436.43,47511,47632.38,31949.86739,31949.86739
2021/12/15,48336.95,49500,46547,48864.98,51629.181,51629.181
2021/12/14,46702.76,48700.41,46290,48343.28,39955.98445,39955.98445
2021/12/13,50053.9,50189.97,45672.75,46702.75,50869.52093,50869.52093
2021/12/12,49389.99,50777,48638,50053.9,26017.93421,26017.93421
2021/12/11,47140.54,49485.71,46751,49389.99,28889.19358,28889.19358
2021/12/10,47535.9,50125,46852,47140.54,44233.57391,44233.57391
2021/12/9,50471.19,50797.76,47320,47545.59,37692.68665,37692.68665
2021/12/8,50588.95,51200,48600,50471.19,38425.92466,38425.92466
2021/12/7,50441.91,51936.33,50039.74,50588.95,38253.46877,38253.46877
2021/12/6,49396.32,50891.11,47100,50441.92,58571.21575,58571.21575
2021/12/5,49152.46,49699.05,47727.21,49396.33,45580.82012,45580.82012
2021/12/4,53601.05,53859.1,42000.3,49152.47,114203.3737,114203.3737
2021/12/3,56484.26,57600,51680,53601.05,58927.69027,58927.69027
2021/12/2,57184.07,57375.47,55777.77,56480.34,37574.05976,37574.05976
2021/12/1,56950.56,59053.55,56458.01,57184.07,44956.63656,44956.63656
2021/11/30,57776.25,59176.99,55875.55,56950.56,49161.05194,49161.05194
2021/11/29,57274.89,58865.97,56666.67,57776.25,40125.28009,40125.28009
2021/11/28,54716.47,57445.05,53256.64,57274.88,36163.7137,36163.7137
2021/11/27,53723.72,55280,53610,54721.03,29716.99957,29716.99957
2021/11/26,58960.37,59150,53500,53726.53,65927.87066,65927.87066
2021/11/25,57138.29,59398.9,57000,58960.36,42153.51522,42153.51522
2021/11/24,57541.26,57735,55837,57138.29,39612.04964,39612.04964
2021/11/23,56243.83,58009.99,55317,57541.27,49917.85017,49917.85017
2021/11/22,58617.7,59444,55610,56247.18,51724.32047,51724.32047
2021/11/21,59707.52,60029.76,58486.65,58622.02,31902.22785,31902.22785
2021/11/20,58057.1,59845,57353,59707.51,33811.5901,33811.5901
2021/11/19,56891.62,58320,55600,58052.24,50715.88726,50715.88726
2021/11/18,60344.86,60976,56474.26,56891.62,62146.99931,62146.99931
2021/11/17,60058.87,60840.23,58373,60344.87,46289.38491,46289.38491
2021/11/16,63606.73,63617.31,58574.07,60058.87,77455.15609,77455.15609
2021/11/15,65519.11,66401.82,63400,63606.74,37829.37124,37829.37124
2021/11/14,64380.01,65550.51,63576.27,65519.1,25705.07347,25705.07347
2021/11/13,64122.22,65000,63360.22,64380,22504.97383,22504.97383
2021/11/12,64774.25,65450.7,62278,64122.23,44490.10816,44490.10816
2021/11/11,64882.42,65600.07,64100,64774.26,37237.98058,37237.98058
2021/11/10,66947.67,69000,62822.9,64882.43,65171.50405,65171.50405
2021/11/9,67525.82,68524.25,66222.4,66947.66,44661.37807,44661.37807
2021/11/8,63273.58,67789,63273.58,67525.83,54442.09455,54442.09455
2021/11/7,61470.62,63286.35,61322.78,63273.59,25515.6883,25515.6883
2021/11/6,60940.18,61560.49,60050,61470.61,25590.57408,25590.57408
2021/11/5,61395.01,62595.72,60721,60937.12,31604.48749,31604.48749
2021/11/4,62896.49,63086.31,60677.01,61395.01,35930.93314,35930.93314
2021/11/3,63220.57,63500,60382.76,62896.48,43336.09049,43336.09049
2021/11/2,60911.12,64270,60624.68,63219.99,46368.2841,46368.2841
2021/11/1,61299.81,62437.74,59405,60911.11,44687.66672,44687.66672
2021/10/31,61859.19,62405.3,59945.36,61299.8,39267.63794,39267.63794
2021/10/30,62253.7,62359.25,60673,61859.19,31478.12566,31478.12566
2021/10/29,60575.9,62980,60174.81,62253.71,43973.90414,43973.90414
2021/10/28,58413.44,62499,57820,60575.89,61056.35301,61056.35301
2021/10/27,60328.81,61496,58000,58413.44,62124.49016,62124.49016
2021/10/26,63078.78,63293.48,59817.55,60328.81,40217.50083,40217.50083
2021/10/25,60852.22,63710.63,60650,63078.78,36853.83806,36853.83806
2021/10/24,61286.75,61500,59510.63,60852.22,31226.57676,31226.57676
2021/10/23,60688.23,61747.64,59562.15,61286.75,27626.93678,27626.93678
2021/10/22,62193.15,63732.39,60000,60688.22,52119.35886,52119.35886
2021/10/21,66001.4,66639.74,62000,62193.15,68538.64537,68538.64537
2021/10/20,64280.59,67000,63481.4,66001.41,51428.93486,51428.93486
2021/10/19,62005.6,64486,61322.22,64280.59,53628.10774,53628.10774
2021/10/18,61528.32,62695.78,59844.45,62009.84,51798.44844,51798.44844
2021/10/17,60875.57,61718.39,58963,61528.33,39099.24124,39099.24124
2021/10/16,61672.42,62378.42,60150,60875.57,35467.88096,35467.88096
2021/10/15,57347.94,62933,56850,61672.42,82512.90802,82512.90802
2021/10/14,57370.83,58532.54,56818.05,57347.94,43053.33678,43053.33678
2021/10/13,55996.91,57777,54167.19,57367,55808.44492,55808.44492
2021/10/12,57471.35,57680,53879,55996.93,53471.2855,53471.2855
2021/10/11,54659.01,57839.04,54415.06,57471.35,52933.16575,52933.16575
2021/10/10,54949.72,56561.31,54080,54659,89237.83613,89237.83613
2021/10/9,53955.67,55489,53661.67,54949.72,55177.08013,55177.08013
2021/10/8,53785.22,56100,53617.61,53951.43,46160.25785,46160.25785
2021/10/7,55315,55332.31,53357,53785.22,54917.37766,54917.37766
2021/10/6,51471.99,55750,50382.41,55315,79877.54518,79877.54518
2021/10/5,49224.93,51886.3,49022.4,51471.99,52125.66793,52125.66793
2021/10/4,48200.01,49536.12,46891,49224.94,46796.49372,46796.49372
2021/10/3,47634.89,49228.08,47088,48200.01,30825.05601,30825.05601
2021/10/2,48141.6,48336.59,47430.18,47634.9,30508.98131,30508.98131
2021/10/1,43820.01,48495,43283.03,48141.61,66244.87492,66244.87492
2021/9/30,41524.29,44141.37,41410.17,43824.1,46381.22781,46381.22781
2021/9/29,41025.01,42590,40753.88,41524.28,33511.53487,33511.53487
2021/9/28,42147.35,42787.38,40888,41026.54,43372.2624,43372.2624
2021/9/27,43160.9,44350,42098,42147.35,39776.84383,39776.84383
2021/9/26,42670.63,43950,40750,43160.9,49879.99765,49879.99765
2021/9/25,42810.58,42966.84,41646.28,42670.64,33594.57189,33594.57189
2021/9/24,44865.26,45200,40675,42810.57,84113.42629,84113.42629
2021/9/23,43546.37,44978,43069.09,44865.26,48699.57655,48699.57655
2021/9/22,40734.09,44000.55,40565.39,43543.61,58349.05542,58349.05542
2021/9/21,43016.64,43639,39600,40734.38,84534.08049,84534.08049
2021/9/20,47241.75,47347.25,42500,43015.62,78003.52444,78003.52444
2021/9/19,48292.75,48372.83,46829.18,47241.75,29847.24349,29847.24349
2021/9/18,47299.98,48843.2,47035.56,48292.74,30906.47038,30906.47038
2021/9/17,47737.81,48150,46699.56,47299.98,34461.92776,34461.92776
2021/9/16,48121.4,48557,47021.1,47737.82,40725.08895,40725.08895
2021/9/15,47103.28,48500,46682.32,48121.41,43204.71174,43204.71174
2021/9/14,44940.72,47250,44594.44,47111.52,44855.85099,44855.85099
2021/9/13,46025.23,46880,43370,44940.73,65429.15056,65429.15056
2021/9/12,45173.68,46460,44742.06,46025.24,32094.28052,32094.28052
2021/9/11,44842.2,45987.93,44722.22,45173.69,30440.4081,30440.4081
2021/9/10,46395.14,47033,44132.29,44850.91,49048.26618,49048.26618
2021/9/9,46048.31,47399.97,45513.08,46395.14,50651.66002,50651.66002
2021/9/8,46868.57,47340.99,44412.02,46048.31,65069.3152,65069.3152
2021/9/7,52666.2,52920,42843.05,46863.73,123048.8027,123048.8027
2021/9/6,51756.88,52780,50969.33,52663.9,49249.66708,49249.66708
2021/9/5,49917.54,51900,49450,51756.88,40544.83587,40544.83587
2021/9/4,49998,50535.69,49370,49915.64,34664.65959,34664.65959
2021/9/3,49246.63,51000,48316.84,49999.14,59025.64416,59025.64416
2021/9/2,48810.51,50450.13,48584.06,49246.64,54410.77054,54410.77054
2021/9/1,47100.89,49156,46512,48810.52,49904.65528,49904.65528
2021/8/31,46982.91,48246.11,46700,47100.89,48645.52737,48645.52737
2021/8/30,48767.84,48888.61,46853,46982.91,40288.35083,40288.35083
2021/8/29,48895.35,49632.27,47762.54,48767.83,32652.28347,32652.28347
2021/8/28,49069.9,49299,48346.88,48895.35,26681.06379,26681.06379
2021/8/27,46843.86,49149.93,46348,49069.9,42068.10497,42068.10497
2021/8/26,48973.32,49352.84,46250,46843.87,49371.27777,49371.27777
2021/8/25,47674.01,49264.3,47126.28,48973.32,44655.83034,44655.83034
2021/8/24,49488.85,49860,47600,47674.01,51014.59475,51014.59475
2021/8/23,49239.22,50500,49029,49488.85,52462.54195,52462.54195
2021/8/22,48821.88,49500,48050,49239.22,37007.8878,37007.8878
2021/8/21,49322.47,49757.04,48222,48821.87,46745.13658,46745.13658
2021/8/20,46760.62,49382.99,46622.99,49322.47,56850.35223,56850.35223
2021/8/19,44699.37,47033,43927.7,46760.62,53411.75392,53411.75392
2021/8/18,44695.95,46000,44203.28,44705.29,54099.41599,54099.41599
2021/8/17,45901.3,47160,44376,44695.95,57039.34163,57039.34163
2021/8/16,46973.82,48053.83,45660,45901.29,52480.57401,52480.57401
2021/8/15,47068.5,47372.27,45500,46973.82,42110.71133,42110.71133
2021/8/14,47799.99,48144,45971.03,47068.51,46114.35902,46114.35902
2021/8/13,44400.06,47886,44217.39,47800,48239.37043,48239.37043
2021/8/12,45510.67,46218.12,43770,44399,55266.10878,55266.10878
2021/8/11,45585,46743.47,45341.14,45511,52734.90198,52734.90198
2021/8/10,46248.87,46700,44589.46,45584.99,53814.64342,53814.64342
2021/8/9,43794.36,46454.15,42779,46253.4,74587.88485,74587.88485
2021/8/8,44572.54,45310,43261,43794.37,69329.0927,69329.0927
2021/8/7,42836.87,44700,42446.41,44572.54,73396.74081,73396.74081
2021/8/6,40862.46,43392.43,39853.86,42836.87,75753.94135,75753.94135
2021/8/5,39723.17,41350,37332.7,40862.46,84343.75562,84343.75562
2021/8/4,38207.04,39969.66,37508.56,39723.18,52329.35243,52329.35243
2021/8/3,39146.86,39780,37642.03,38207.05,57117.43585,57117.43585
2021/8/2,39850.27,40480.01,38690,39147.82,50837.35195,50837.35195
2021/8/1,41461.84,42599,39422.01,39845.44,53953.18633,53953.18633
2021/7/31,42206.36,42448,41000.15,41461.83,44849.79101,44849.79101
2021/7/30,40018.49,42316.71,38313.23,42206.37,73602.78481,73602.78481
2021/7/29,40019.57,40640,39200,40016.48,53998.43928,53998.43928
2021/7/28,39456.61,40900,38772,40019.56,101344.5284,101344.5284
2021/7/27,37241.33,39542.61,36383,39457.87,88397.26702,88397.26702
2021/7/26,35381.02,40550,35205.78,37237.6,152452.5127,152452.5127
2021/7/25,34261.51,35398,33851.12,35381.02,47852.92831,47852.92831
2021/7/24,33634.1,34500,33401.14,34258.14,47977.55014,47977.55014
2021/7/23,32287.58,33650,31924.32,33634.09,50112.86363,50112.86363
2021/7/22,32144.51,32591.35,31708,32287.83,46148.09243,46148.09243
2021/7/21,29790.34,32858,29482.61,32144.51,82796.26513,82796.26513
2021/7/20,30839.65,31063.07,29278,29790.35,61034.04902,61034.04902
2021/7/19,31778.57,31899,30407.44,30839.65,47340.4685,47340.4685
2021/7/18,31520.07,32435,31108.97,31778.56,35923.71619,35923.71619
2021/7/17,31383.86,31955.92,31164.31,31520.07,34012.24213,34012.24213
2021/7/16,31874.49,32249.18,31020,31383.87,48499.86415,48499.86415
2021/7/15,32820.03,33185.25,31133,31880,51639.57635,51639.57635
2021/7/14,32729.12,33114.03,31550,32820.02,46777.82348,46777.82348
2021/7/13,33086.94,33340,32202.25,32729.77,41126.36101,41126.36101
2021/7/12,34259,34678.43,32658.34,33086.63,48181.40376,48181.40376
2021/7/11,33502.87,34666,33306.47,34258.99,31572.64745,31572.64745
2021/7/10,33815.81,34262,33004.78,33502.87,34761.17547,34761.17547
2021/7/9,32875.71,34100,32261.07,33815.81,47153.9399,47153.9399
2021/7/8,33862.11,33929.64,32077,32875.71,70136.48032,70136.48032
2021/7/7,34220.02,35059.09,33777.77,33862.12,53807.52168,53807.52168
2021/7/6,33690.15,35118.88,33532,34220.01,58210.59635,58210.59635
2021/7/5,35288.13,35293.78,33125.55,33690.14,64123.87425,64123.87425
2021/7/4,34669.12,35967.85,34357.15,35286.51,43703.47579,43703.47579
2021/7/3,33786.54,34945.61,33316.73,34669.13,43044.57864,43044.57864
2021/7/2,33502.33,33977.04,32699,33786.55,56172.18138,56172.18138
2021/7/1,35045,35057.57,32711,33504.69,71708.26611,71708.26611
2021/6/30,35911.72,36100,34017.55,35045,77152.19763,77152.19763
2021/6/29,34494.89,36600,34225.43,35911.73,90788.79622,90788.79622
2021/6/28,34702.49,35297.71,33862.72,34494.89,82222.26782,82222.26782
2021/6/27,32283.65,34749,31973.45,34700.34,96613.24421,96613.24421
2021/6/26,31576.09,32730,30151,32283.65,107820.3753,107820.3753
2021/6/25,34663.08,35500,31275,31584.45,116061.1304,116061.1304
2021/6/24,33675.07,35298,32286.57,34663.09,86625.80426,86625.80426
2021/6/23,32509.56,34881,31683,33678.07,126966.1006,126966.1006
2021/6/22,31614.12,33298.78,28805,32509.56,204208.1798,204208.1798
2021/6/21,35600.17,35750,31251.23,31608.93,168778.8732,168778.8732
2021/6/20,35483.72,36137.72,33336,35600.16,89878.17085,89878.17085
2021/6/19,35820.48,36457,34803.52,35483.72,68712.44946,68712.44946
2021/6/18,38092.97,38202.84,35129.29,35819.84,95228.04294,95228.04294
2021/6/17,38349,39559.88,37365,38092.97,79541.30712,79541.30712
2021/6/16,40143.8,40527.14,38116.01,38349.01,87771.97694,87771.97694
2021/6/15,40516.28,41330,39506.4,40144.04,80679.62284,80679.62284
2021/6/14,39020.56,41064.05,38730,40516.29,108522.3919,108522.3919
2021/6/13,35546.12,39380,34757,39020.57,86921.02556,86921.02556
2021/6/12,37331.98,37463.63,34600.36,35546.11,87717.54999,87717.54999
2021/6/11,36677.83,37680.4,35936.77,37331.98,78466.0053,78466.0053
2021/6/10,37388.05,38491,35782,36675.72,109527.2849,109527.2849
2021/6/9,33380.8,37534.79,32396.82,37388.05,136607.5975,136607.5975
2021/6/8,33556.96,34068.01,31000,33380.81,123251.189,123251.189
2021/6/7,35796.31,36900,33300,33552.79,77574.95257,77574.95257
2021/6/6,35516.07,36480,35222,35796.31,47650.20664,47650.20664
2021/6/5,36829.15,37925,34800,35513.2,70459.62149,70459.62149
2021/6/4,39246.78,39289.07,35555.15,36829,91317.79925,91317.79925
2021/6/3,37568.68,39476,37170,39246.79,75889.10601,75889.10601
2021/6/2,36694.85,38225,35920,37568.68,67587.3725,67587.3725
2021/6/1,37253.82,37894.81,35666,36693.09,81234.66377,81234.66377
2021/5/31,35641.26,37499,34153.84,37253.81,94160.73529,94160.73529
2021/5/30,34605.15,36488,33379,35641.27,73535.38697,73535.38697
2021/5/29,35661.79,37338.58,33632.76,34605.15,112663.0927,112663.0927
2021/5/28,38529.99,38877.83,34684,35663.49,135377.6297,135377.6297
2021/5/27,39241.92,40411.14,37134.27,38529.98,86547.15879,86547.15879
2021/5/26,38324.72,40841,37800.44,39241.91,104780.7734,104780.7734
2021/5/25,38810.99,39791.77,36419.62,38324.72,111996.2284,111996.2284
2021/5/24,34681.44,39920,34031,38796.29,161630.894,161630.894
2021/5/23,37458.51,38270.64,31111.01,34655.25,217136.0466,217136.0466
2021/5/22,37263.35,38829,35200.62,37449.73,126542.2437,126542.2437
2021/5/21,40525.39,42200,33488,37252.01,202100.8883,202100.8883
2021/5/20,36671.23,42451.67,34850,40526.64,203017.5969,203017.5969
2021/5/19,42849.78,43584.9,30000,36690.09,354347.2432,354347.2432
2021/5/18,43538.02,45799.29,42250.02,42849.78,116979.8608,116979.8608
2021/5/17,46426.83,46686,42001,43538.04,166657.1727,166657.1727
2021/5/16,46762.99,49795.89,43825.39,46431.5,114269.8128,114269.8128
2021/5/15,49844.16,50700,46555,46762.99,89437.44936,89437.44936
2021/5/14,49671.92,51483,48799.75,49841.45,80082.20431,80082.20431
2021/5/13,49537.15,51367.19,46000,49670.97,147332.0021,147332.0021
2021/5/12,56670.02,58000.01,48600,49631.32,99842.78984,99842.78984
2021/5/11,55816.14,56862.43,54370,56670.02,64329.54055,64329.54055
2021/5/10,58240.83,59500,53400,55816.14,89586.34925,89586.34925
2021/5/9,58866.53,59300,56235.66,58240.84,69806.11991,69806.11991
2021/5/8,57315.49,59500,56900,58862.05,69709.90603,69709.90603
2021/5/7,56393.68,58650,55241.63,57314.75,74542.74783,74542.74783
2021/5/6,57436.11,58360,55200,56393.68,70181.67191,70181.67191
2021/5/5,53205.05,58069.82,52900,57436.11,77263.92344,77263.92344
2021/5/4,57169.39,57200,53046.69,53200.01,85324.6259,85324.6259
2021/5/3,56578.21,58981.44,56435,57169.39,57649.93129,57649.93129
2021/5/2,57797.35,57911.02,56035.25,56578.21,36812.87886,36812.87886
2021/5/1,57697.25,58458.07,56956.14,57800.37,42600.35184,42600.35184
2021/4/30,53555,57963,53013.01,57694.27,68578.91005,68578.91005
2021/4/29,54846.23,55195.84,52330.94,53555,52486.01946,52486.01946
2021/4/28,55011.97,56428,53813.16,54846.22,55130.45902,55130.45902
2021/4/27,54001.38,55460,53222,55011.97,54064.03468,54064.03468
2021/4/26,49066.76,54356.62,48753.44,54001.39,86310.80212,86310.80212
2021/4/25,50047.84,50567.91,46930,49066.77,58255.645,58255.645
2021/4/24,51110.56,51166.22,48657.14,50047.84,55361.51257,55361.51257
2021/4/23,51690.95,52131.85,47500,51125.14,132230.7807,132230.7807
2021/4/22,53787.62,55521.48,50500,51690.96,104656.6313,104656.6313
2021/4/21,56425,56757.91,53536.02,53787.63,66984.75691,66984.75691
2021/4/20,55633.14,57076.24,53329.96,56425,72744.48215,72744.48215
2021/4/19,56150.01,57526.81,54221.58,55633.14,78229.04227,78229.04227
2021/4/18,60006.67,60499,50931.3,56150.01,124882.1318,124882.1318
2021/4/17,61334.81,62506.05,59580.91,60006.66,58912.25613,58912.25613
2021/4/16,63158.74,63520.61,60000,61334.8,91764.13988,91764.13988
2021/4/15,62959.53,63800,62020,63159.98,51649.70034,51649.70034
2021/4/14,63575.01,64854,61301,62959.53,82616.34399,82616.34399
2021/4/13,59860.01,63777.77,59805.15,63575,82848.68875,82848.68875
2021/4/12,59998.8,61300,59350.59,59860,56375.03712,56375.03712
2021/4/11,59769.13,60699,59232.52,60002.43,41156.71539,41156.71539
2021/4/10,58142.55,61500,57900.01,59769.13,69906.42412,69906.42412
2021/4/9,58077.52,58894.9,57654,58142.54,40831.88491,40831.88491
2021/4/8,55953.44,58153.31,55700,58077.52,44283.14702,44283.14702
2021/4/7,57990.03,58655,55473,55953.45,71228.40566,71228.40566
2021/4/6,59129.99,59495.24,57413.02,57991.15,54201.00073,54201.00073
2021/4/5,58202.01,59272,56777.77,59129.99,54258.01579,54258.01579
2021/4/4,57051.95,58492.85,56388,58202.01,41314.08197,41314.08197
2021/4/3,58950.01,59791.72,56880,57051.94,47409.85211,47409.85211
2021/4/2,58720.45,60200,58428.57,58950.01,47382.41878,47382.41878
2021/4/1,58739.46,59490,57935.45,58720.44,47415.61722,47415.61722
2021/3/31,58746.57,59800,56769,58740.55,60975.54267,60975.54267
2021/3/30,57635.46,59368,57071.35,58746.57,55122.44312,55122.44312
2021/3/29,55777.65,58405.82,54800.01,57635.47,67857.9374,67857.9374
2021/3/28,55817.14,56559.75,54691.84,55777.63,39050.38751,39050.38751
2021/3/27,55025.59,56700.36,53950,55817.14,50105.47506,50105.47506
2021/3/26,51293.78,55073.46,51214.6,55025.59,63813.77469,63813.77469
2021/3/25,52303.66,53287,50427.56,51293.78,87400.53454,87400.53454
2021/3/24,54342.8,57200,51700,52303.65,83537.46502,83537.46502
2021/3/23,54083.25,55830.9,53000,54340.89,59789.36543,59789.36543
2021/3/22,57351.56,58430.73,53650,54083.25,62581.62617,62581.62617
2021/3/21,58100.02,58589.1,55450.11,57351.56,48564.47027,48564.47027
2021/3/20,58030.01,59880,57820.17,58102.28,44476.94178,44476.94178
2021/3/19,57641,59468,56270.74,58030.01,52392.65296,52392.65296
2021/3/18,58912.97,60129.97,57023,57648.16,66580.40668,66580.40668
2021/3/17,56900.74,58974.73,54123.69,58912.97,70421.62084,70421.62084
2021/3/16,55605.2,56938.29,53271.34,56900.75,77986.69436,77986.69436
2021/3/15,58976.08,60633.43,54600,55605.2,102771.4273,102771.4273
2021/3/14,61188.38,61724.79,58966.78,58968.31,52601.05275,52601.05275
2021/3/13,57221.72,61844,56078.23,61188.39,83245.09135,83245.09135
2021/3/12,57773.15,58081.51,54962.84,57221.72,73405.40605,73405.40605
2021/3/11,55851.59,58150,54272.82,57773.16,81914.81286,81914.81286
2021/3/10,54874.67,57387.69,53005,55851.59,84749.23894,84749.23894
2021/3/9,52375.18,54895,51789.41,54884.5,71656.73708,71656.73708
2021/3/8,50959.11,52402.78,49274.67,52375.17,66987.35966,66987.35966
2021/3/7,48882.2,51450.03,48882.2,50971.75,55235.02803,55235.02803
2021/3/6,48746.81,49200,47070,48882.2,44399.23424,44399.23424
2021/3/5,48374.09,49448.93,46300,48751.71,78192.49637,78192.49637
2021/3/4,50349.37,51773.88,47500,48374.09,82649.71683,82649.71683
2021/3/3,48436.61,52640,48100.71,50349.37,81035.91371,81035.91371
2021/3/2,49595.76,50200,47047.6,48440.65,64221.06214,64221.06214
2021/3/1,45134.11,49790,44950.53,49587.03,85086.11165,85086.11165
2021/2/28,46103.67,46638.46,43000,45135.66,83055.36904,83055.36904
2021/2/27,46276.88,48394,45000,46106.43,66060.83429,66060.83429
2021/2/26,47073.73,48424.11,44106.78,46276.87,109423.2007,109423.2007
2021/2/25,49676.21,52041.73,46674.34,47073.73,83310.67312,83310.67312
2021/2/24,48891,51374.99,46988.69,49676.2,91881.20925,91881.20925
2021/2/23,54087.67,54183.59,44892.56,48891,169375.0251,169375.0251
2021/2/22,57412.35,57508.47,47622,54087.67,134019.4349,134019.4349
2021/2/21,55841.19,58352.8,55477.59,57408.57,58166.70851,58166.70851
2021/2/20,55906,57700.46,53863.93,55841.19,80948.20531,80948.20531
2021/2/19,51552.61,56368,50710.2,55906,79659.77802,79659.77802
2021/2/18,52117.67,52530,50901.9,51552.6,60758.04695,60758.04695
2021/2/17,49133.45,52618.74,48947,52119.71,85743.63782,85743.63782
2021/2/16,47911.1,50689.18,47003.62,49133.45,88813.2663,88813.2663
2021/2/15,48580.47,49010.92,45570.79,47911.1,79398.15678,79398.15678
2021/2/14,47156.78,49707.43,47014.17,48577.79,73735.47553,73735.47553
2021/2/13,47298.15,48150,46202.53,47153.69,63768.0974,63768.0974
2021/2/12,47968.66,48985.8,46125,47287.6,85870.0357,85870.0357
2021/2/11,44807.58,48678.9,43994.02,47969.51,89561.08145,89561.08145
2021/2/10,46420.42,47310,43727,44807.58,97154.1822,97154.1822
2021/2/9,46374.86,48142.19,44961.09,46420.42,115499.8617,115499.8617
2021/2/8,38795.69,46794.45,37988.89,46374.87,138597.5369,138597.5369
2021/2/7,39181.01,39700,37351,38795.69,84363.67976,84363.67976
2021/2/6,38289.32,40955.51,38215.94,39186.94,98757.31118,98757.31118
2021/2/5,36936.65,38310.12,36570,38290.24,66681.33428,66681.33428
2021/2/4,37620.26,38708.27,36161.95,36936.66,92080.7359,92080.7359
2021/2/3,35472.71,37662.63,35362.38,37618.87,80784.33366,80784.33366
2021/2/2,33517.09,35984.33,33418,35466.24,78056.65988,78056.65988
2021/2/1,33092.97,34717.27,32296.16,33526.37,82718.27688,82718.27688
2021/1/31,34262.89,34342.69,32171.67,33092.98,68742.28038,68742.28038
2021/1/30,34246.28,34933,32825,34262.88,84889.68134,84889.68134
2021/1/29,33368.18,38531.9,31915.4,34252.2,231827.0056,231827.0056
2021/1/28,30362.19,33783.98,29842.1,33364.86,92621.14562,92621.14562
2021/1/27,32464.01,32557.29,29241.72,30366.15,95911.96171,95911.96171
2021/1/26,32254.19,32921.88,30837.37,32467.77,84972.20691,84972.20691
2021/1/25,32259.45,34875,31910,32254.2,88499.22692,88499.22692
2021/1/24,32078,33071,30900,32259.9,57978.03797,57978.03797
2021/1/23,32950,33456,31390.16,32078,64595.28768,64595.28768
2021/1/22,30851.99,33826.53,28850,32945.17,142971.684,142971.684
2021/1/21,35468.23,35600,30071,30850.13,135004.0767,135004.0767
2021/1/20,35901.94,36415.31,33400,35468.23,89368.42292,89368.42292
2021/1/19,36622.46,37850,35844.06,35891.49,79611.30777,79611.30777
2021/1/18,35824.99,37469.83,34800,36631.27,70698.11875,70698.11875
2021/1/17,35994.98,36852.5,33850,35828.61,80157.72738,80157.72738
2021/1/16,36737.43,37950,35357.8,35994.98,86348.43151,86348.43151
2021/1/15,39145.21,39747.76,34408,36742.22,118300.9209,118300.9209
2021/1/14,37371.38,40100,36701.23,39144.5,102950.3894,102950.3894
2021/1/13,34049.15,37850,32380,37371.38,124477.9149,124477.9149
2021/1/12,35410.37,36628,32531,34051.24,133948.152,133948.152
2021/1/11,38150.02,38264.74,30420,35404.47,251156.1383,251156.1383
2021/1/10,40088.22,41350,35111.11,38150.02,118209.5445,118209.5445
2021/1/9,40586.96,41380,38720,40088.22,75785.97968,75785.97968
2021/1/8,39432.48,41950,36500,40582.81,139789.9575,139789.9575
2021/1/7,36769.36,40365,36300,39432.28,132825.7004,132825.7004
2021/1/6,33949.53,36939.21,33288,36769.36,127139.2013,127139.2013
2021/1/5,31989.75,34360,29900,33949.53,116049.997,116049.997
2021/1/4,33000.05,33600,28130,31988.71,140899.8857,140899.8857
2021/1/3,32176.45,34778.11,31962.99,33000.05,120957.5668,120957.5668
2021/1/2,29331.7,33300,28946.53,32178.33,129993.8734,129993.8734
2021/1/1,28923.63,29600,28624.57,29331.69,54182.92501,54182.92501
2020/12/31,28875.55,29300,27850,28923.63,75508.50515,75508.50515
2020/12/30,27385,28996,27320,28875.54,95356.05783,95356.05783
2020/12/29,27079.42,27410,25880,27385,69411.59261,69411.59261
2020/12/28,26281.54,27500,26101,27079.41,79721.7425,79721.7425
2020/12/27,26493.4,28422,25700,26281.66,148455.5862,148455.5862
2020/12/26,24712.47,26867.03,24500,26493.39,97806.51339,97806.51339
2020/12/25,23728.99,24789.86,23433.6,24712.47,79519.94357,79519.94357
2020/12/24,23232.39,23794.43,22703.42,23729.2,69013.83425,69013.83425
2020/12/23,23810.79,24100,22600,23232.76,119047.2597,119047.2597
2020/12/22,22719.88,23837.1,22353.4,23810.79,87033.12616,87033.12616
2020/12/21,23455.54,24102.77,21815,22719.71,88030.29724,88030.29724
2020/12/20,23821.6,24295,23060,23455.52,76690.14569,76690.14569
2020/12/19,23107.39,24171.47,22750,23821.61,86045.06468,86045.06468
2020/12/18,22797.15,23285.18,22350,23107.39,79646.13432,79646.13432
2020/12/17,21335.52,23800,21230,22797.16,184882.4767,184882.4767
2020/12/16,19426.43,21560,19278.6,21335.52,114306.3356,114306.3356
2020/12/15,19273.69,19570,19050,19426.43,61834.36601,61834.36601
2020/12/14,19174.99,19349,19000,19273.14,47257.20129,47257.20129
2020/12/13,18808.69,19411,18711.12,19174.99,56560.82174,56560.82174
2020/12/12,18036.53,18948.66,18020.7,18808.69,49519.97843,49519.97843
2020/12/11,18254.81,18292.73,17572.33,18036.53,72610.72426,72610.72426
2020/12/10,18541.29,18557.32,17911.12,18254.63,52890.67509,52890.67509
2020/12/9,18324.11,18639.57,17650,18541.28,79585.5538,79585.5538
2020/12/8,19166.9,19294.84,18200,18324.11,61626.94761,61626.94761
2020/12/7,19358.67,19420.91,18902.88,19166.9,41372.29629,41372.29629
2020/12/6,19147.66,19420,18857,19359.4,37043.09186,37043.09186
2020/12/5,18650.51,19177,18500,19147.66,42922.74857,42922.74857
2020/12/4,19422.34,19527,18565.31,18650.52,71283.6682,71283.6682
2020/12/3,19204.08,19598,18867.2,19421.9,66689.39128,66689.39128
2020/12/2,18764.96,19342,18330,19204.09,75911.01348,75911.01348
2020/12/1,19695.87,19888,18001.12,18764.96,127698.7627,127698.7627
2020/11/30,18185,19863.16,18184.99,19695.87,115463.4669,115463.4669
2020/11/29,17719.84,18360.05,17517,18184.99,55329.0163,55329.0163
2020/11/28,17139.53,17880.49,16865.56,17719.85,64910.69997,64910.69997
2020/11/27,17149.47,17457.62,16438.08,17139.52,85297.02479,85297.02479
2020/11/26,18718.83,18915.03,16188,17149.47,181005.2467,181005.2467
2020/11/25,19160,19484.21,18500.27,18719.11,93266.57689,93266.57689
2020/11/24,18368.01,19418.97,18018,19160.01,113581.5092,113581.5092
2020/11/23,18413.88,18766,18000,18368,82961.50609,82961.50609
2020/11/22,18703.8,18750,17610.86,18414.43,81645.73778,81645.73778
2020/11/21,18655.66,18965.9,18308.58,18703.8,75577.45839,75577.45839
2020/11/20,17802.81,18815.22,17740.04,18655.67,88423.01849,88423.01849
2020/11/19,17777.75,18179.8,17335.65,17802.82,93009.56101,93009.56101
2020/11/18,17659.38,18476.93,17214.45,17776.12,149019.7881,149019.7881
2020/11/17,16713.08,17858.82,16538,17659.38,115221.4031,115221.4031
2020/11/16,15957,16880,15864,16713.57,81300.67592,81300.67592
2020/11/15,16069.56,16180,15774.72,15957,43596.84151,43596.84151
2020/11/14,16320.04,16326.99,15670,16070.45,59116.34718,59116.34718
2020/11/13,16291.85,16480,15952.35,16320.7,75691.88101,75691.88101
2020/11/12,15684.25,16340.7,15440.64,16291.86,102196.3566,102196.3566
2020/11/11,15297.21,15965,15272.68,15684.24,78469.74646,78469.74646
2020/11/10,15328.41,15460,15072.46,15297.21,61681.91961,61681.91961
2020/11/9,15475.1,15840,14805.54,15328.41,108976.3341,108976.3341
2020/11/8,14818.3,15650,14703.88,15475.1,65547.17857,65547.17857
2020/11/7,15579.93,15753.52,14344.22,14818.3,101431.2066,101431.2066
2020/11/6,15590.02,15960,15166,15579.92,122618.1977,122618.1977
2020/11/5,14144.01,15750,14093.56,15590.02,143741.5227,143741.5227
2020/11/4,14023.53,14259,13525,14144.01,93016.98826,93016.98826
2020/11/3,13549.63,14066.11,13284.99,14023.53,74115.63079,74115.63079
2020/11/2,13761.49,13830,13195.05,13549.37,64566.42191,64566.42191
2020/11/1,13791,13895,13603,13761.5,36285.64853,36285.64853
2020/10/31,13560.1,14100,13411.5,13791,67339.23852,67339.23852
2020/10/30,13455.69,13669.98,13115,13560.1,70657.77888,70657.77888
2020/10/29,13266.4,13642.91,12920.77,13455.7,74872.60213,74872.60213
2020/10/28,13636.16,13859.48,12888,13266.4,94440.56123,94440.56123
2020/10/27,13052.15,13789.29,13019.87,13636.17,80811.01945,80811.01945
2020/10/26,13029.64,13238.81,12765,13052.19,60951.67299,60951.67299
2020/10/25,13111.73,13350,12888,13028.83,38481.5795,38481.5795
2020/10/24,12923.06,13166.73,12870,13111.73,35952.20907,35952.20907
2020/10/23,12968.84,13027.69,12720.08,12923.07,50386.99984,50386.99984
2020/10/22,12780.75,13185,12678.08,12968.52,70038.82414,70038.82414
2020/10/21,11910,13217.68,11886.95,12780.96,114584.4568,114584.4568
2020/10/20,11751.46,12038.38,11677.59,11909.99,62134.75066,62134.75066
2020/10/19,11503.14,11823.99,11407.96,11751.47,47414.53469,47414.53469
2020/10/18,11360.31,11505,11346.22,11503.14,23284.04119,23284.04119
2020/10/17,11319.24,11402.42,11255,11360.2,22368.91524,22368.91524
2020/10/16,11505.13,11541.15,11200,11319.32,48797.7495,48797.7495
2020/10/15,11417.89,11617.34,11250.83,11505.12,48760.71768,48760.71768
2020/10/14,11420.57,11547.98,11280,11417.89,41415.10602,41415.10602
2020/10/13,11528.24,11557,11300,11420.56,42205.28371,42205.28371
2020/10/12,11369.02,11720.01,11172,11528.25,52825.28371,52825.28371
2020/10/11,11293.22,11445,11221,11369.02,29043.85134,29043.85134
2020/10/10,11050.64,11491,11050.51,11293.22,43648.03694,43648.03694
2020/10/9,10925.44,11104.64,10829,11050.64,48240.07324,48240.07324
2020/10/8,10666.4,10950,10530.41,10925.57,51959.69157,51959.69157
2020/10/7,10599.65,10681.87,10546.17,10666.39,32811.99028,32811.99028
2020/10/6,10792.2,10800,10525,10599.66,48674.74047,48674.74047
2020/10/5,10666.62,10798,10615.64,10792.21,34025.76165,34025.76165
2020/10/4,10542.07,10696.87,10517.87,10666.63,23212.0016,23212.0016
2020/10/3,10570.4,10603.56,10496.46,10542.06,22298.22134,22298.22134
2020/10/2,10619.13,10664.64,10374,10570.4,50130.39371,50130.39371
2020/10/1,10776.59,10920,10437,10619.13,60866.33289,60866.33289
2020/9/30,10840.58,10849.34,10665.13,10776.59,39596.02732,39596.02732
2020/9/29,10696.11,10867.54,10635.87,10840.48,41874.8984,41874.8984
2020/9/28,10774.26,10950,10626,10696.12,50095.25173,50095.25173
2020/9/27,10728.59,10799,10594.82,10774.25,30549.48325,30549.48325
2020/9/26,10686.57,10820.94,10644.68,10728.6,28420.83666,28420.83666
2020/9/25,10736.33,10760.53,10556.24,10686.67,48101.11701,48101.11701
2020/9/24,10241.46,10795.24,10190.93,10736.32,57676.61943,57676.61943
2020/9/23,10529.61,10537.15,10136.82,10241.46,51876.56808,51876.56808
2020/9/22,10417.22,10572.71,10353,10529.61,43991.23548,43991.23548
2020/9/21,10920.28,10988.86,10296.35,10417.22,70683.43118,70683.43118
2020/9/20,11080.64,11080.64,10723,10920.28,39157.92257,39157.92257
2020/9/19,10933.4,11179.79,10887.37,11080.65,38440.03686,38440.03686
2020/9/18,10940,11038.03,10812.84,10933.39,47266.72828,47266.72828
2020/9/17,10954.01,11045.46,10745.83,10939.99,55601.61453,55601.61453
2020/9/16,10785.23,11093,10661.22,10954.01,64991.51244,64991.51244
2020/9/15,10671.77,10930.04,10606.48,10785.31,61822.45279,61822.45279
2020/9/14,10332.84,10750,10212.34,10671.77,67059.29136,67059.29136
2020/9/13,10440.67,10580.11,10200,10332.83,43837.60987,43837.60987
2020/9/12,10387.89,10477.97,10269.25,10440.92,35379.1531,35379.1531
2020/9/11,10336.86,10397.6,10200,10387.89,43830.25447,43830.25447
2020/9/10,10219.29,10483.35,10070.83,10336.87,58253.75375,58253.75375
2020/9/9,10126.66,10343,9981.01,10219.2,49347.11378,49347.11378
2020/9/8,10373.45,10438,9850,10126.65,73491.87842,73491.87842
2020/9/7,10255.89,10410.75,9875,10373.44,62620.23068,62620.23068
2020/9/6,10166.69,10347.14,9994.86,10256.2,56368.78882,56368.78882
2020/9/5,10446.25,10565.68,9825,10166.69,90001.60557,90001.60557
2020/9/4,10138.29,10627.05,9875.5,10446.25,92733.59911,92733.59911
2020/9/3,11388.54,11462.6,9960.8,10140.85,121950.106,121950.106
2020/9/2,11921.97,11954.57,11160.1,11388.54,87221.8456,87221.8456
2020/9/1,11649.51,12050.85,11515,11921.97,78148.19367,78148.19367
2020/8/31,11711.17,11800.77,11570,11649.51,55353.61774,55353.61774
2020/8/30,11465.84,11719,11458,11711.16,43177.87905,43177.87905
2020/8/29,11526.9,11580.02,11417.04,11465.84,32973.7992,32973.7992
2020/8/28,11330.38,11542.65,11276.89,11526.91,45953.90837,45953.90837
2020/8/27,11461.42,11592.2,11125,11330.38,63246.03638,63246.03638
2020/8/26,11318.42,11539.32,11244,11461.43,53998.23123,53998.23123
2020/8/25,11748.19,11767.85,11117.64,11318.42,69590.92327,69590.92327
2020/8/24,11648.12,11824.9,11585.09,11748.2,46212.39187,46212.39187
2020/8/23,11663.51,11718.07,11514.13,11648.13,37900.00469,37900.00469
2020/8/22,11531.23,11686,11376.81,11662.96,43678.70165,43678.70165
2020/8/21,11853.54,11878,11485.81,11531.34,64448.30614,64448.30614
2020/8/20,11754.38,11888,11668,11853.55,46085.25435,46085.25435
2020/8/19,11945.1,12020.08,11561,11754.59,73940.16961,73940.16961
2020/8/18,12281.15,12387.77,11817.93,11945.01,75923.83553,75923.83553
2020/8/17,11910.99,12468,11769.78,12281.13,84734.21154,84734.21154
2020/8/16,11852.4,11931.72,11686,11911,41368.23691,41368.23691
2020/8/15,11760.55,11980,11680,11852.4,56237.90505,56237.90505
2020/8/14,11779.77,11850,11634.03,11760.54,59818.8527,59818.8527
2020/8/13,11564.34,11792.96,11270.36,11780,70132.4915,70132.4915
2020/8/12,11392.09,11617.52,11150,11564.33,64909.61364,64909.61364
2020/8/11,11892.9,11935,11125,11392.08,90748.28463,90748.28463
2020/8/10,11681.69,12067.35,11450,11892.92,84952.33789,84952.33789
2020/8/9,11761.02,11797.11,11521.97,11681.68,41493.06734,41493.06734
2020/8/8,11594.36,11808.27,11512,11761.41,41858.16104,41858.16104
2020/8/7,11762.47,11909.94,11322,11594.23,65755.92602,65755.92602
2020/8/6,11744.91,11900,11562.5,11762.46,63529.08502,63529.08502
2020/8/5,11191.99,11780.93,11093,11744.91,74970.25685,74970.25685
2020/8/4,11219.68,11414.98,11000,11191.97,58629.11371,58629.11371
2020/8/3,11071.36,11473,10936,11219.81,56931.84148,56931.84148
2020/8/2,11801.17,12123.46,10518.5,11071.35,97553.0776,97553.0776
2020/8/1,11335.46,11861,11220,11801.17,85087.48513,85087.48513
2020/7/31,11099.79,11444,10960,11335.46,70063.66097,70063.66097
2020/7/30,11100.52,11170,10831,11099.61,60794.82646,60794.82646
2020/7/29,10906.27,11342.82,10812,11100.53,76838.09423,76838.09423
2020/7/28,11029.96,11242.23,10565,10906.27,97267.73419,97267.73419
2020/7/27,9931.54,11394.86,9917.21,11029.96,150188.9331,150188.9331
2020/7/26,9700.42,10111,9650,9931.54,65279.26932,65279.26932
2020/7/25,9538.1,9732.9,9513,9700.42,40679.54542,40679.54542
2020/7/24,9603.27,9637,9463.44,9537.8,43931.13621,43931.13621
2020/7/23,9518.16,9664,9440.33,9603.27,51856.2335,51856.2335
2020/7/22,9390,9544,9261,9518.16,48815.00411,48815.00411
2020/7/21,9160.78,9437.73,9152.8,9390,60413.58249,60413.58249
2020/7/20,9208.99,9221.52,9131,9160.78,35458.76408,35458.76408
2020/7/19,9170.3,9232.27,9101.35,9208.99,26052.01942,26052.01942
2020/7/18,9154.31,9219.3,9121.1,9170.28,22554.54146,22554.54146
2020/7/17,9133.72,9186.83,9089.81,9154.32,28054.35874,28054.35874
2020/7/16,9197.6,9226.15,9047.25,9133.72,43375.57119,43375.57119
2020/7/15,9255.85,9276.49,9160.57,9197.6,39053.57967,39053.57967
2020/7/14,9242.61,9279.54,9113,9255.85,45772.55251,45772.55251
2020/7/13,9303.31,9343.82,9200.89,9242.62,42740.06912,42740.06912
2020/7/12,9234.02,9345,9157.5,9302.75,30872.70229,30872.70229
2020/7/11,9288.34,9299.28,9178.25,9234.03,22561.366,22561.366
2020/7/10,9232.42,9317.48,9125,9288.34,38295.49401,38295.49401
2020/7/9,9436.06,9440.79,9160,9232.43,48044.45065,48044.45065
2020/7/8,9257.4,9470,9231,9436.06,56140.51778,56140.51778
2020/7/7,9342.47,9379.42,9203,9257.39,34587.33668,34587.33668
2020/7/6,9069.41,9375,9055.92,9344.2,54463.13228,54463.13228
2020/7/5,9135,9145.24,8893.03,9069.41,34073.65363,34073.65363
2020/7/4,9057.79,9190,9040.04,9135.46,26441.96848,26441.96848
2020/7/3,9086.54,9125,9037.47,9058.26,28943.42018,28943.42018
2020/7/2,9231.99,9261.96,8940,9086.54,45725.16808,45725.16808
2020/7/1,9138.08,9292,9080.1,9232,38488.5287,38488.5287
2020/6/30,9192.93,9205,9064.89,9138.55,31463.1628,31463.1628
2020/6/29,9116.16,9238,9024.67,9192.56,42120.29326,42120.29326
2020/6/28,9012,9191,8948.06,9116.35,30688.17642,30688.17642
2020/6/27,9162.21,9196.24,8833,9012,46290.93011,46290.93011
2020/6/26,9249.49,9298,9045.45,9162.21,50292.29828,50292.29828
2020/6/25,9298.33,9340,9009.69,9249.49,55831.61916,55831.61916
2020/6/24,9624.33,9670,9208,9296.49,61571.56146,61571.56146
2020/6/23,9685.69,9720,9577.03,9624.89,41031.02938,41031.02938
2020/6/22,9294.69,9780,9277.09,9685.69,57895.46834,57895.46834
2020/6/21,9358.95,9422,9281.54,9294.69,24316.92623,24316.92623
2020/6/20,9310.23,9395,9170.95,9358.95,30329.06538,30329.06538
2020/6/19,9386.32,9438.3,9215.79,9310.23,45330.98367,45330.98367
2020/6/18,9465.13,9489,9280,9386.32,37381.95377,37381.95377
2020/6/17,9526.97,9565,9236.61,9465.14,48046.41115,48046.41115
2020/6/16,9426.05,9589,9373.09,9525.59,52052.44693,52052.44693
2020/6/15,9342.1,9495,8910.45,9426.02,86107.92471,86107.92471
2020/6/14,9473.34,9480.99,9245,9342.1,30055.50661,30055.50661
2020/6/13,9464.96,9494.73,9351,9473.34,27759.78485,27759.78485
2020/6/12,9278.88,9557.12,9232.51,9465.13,50119.06693,50119.06693
2020/6/11,9885.22,9964,9113,9280.4,94418.98473,94418.98473
2020/6/10,9772.44,9992.72,9704.18,9885,47130.76298,47130.76298
2020/6/9,9782,9877,9570,9772.43,46024.00129,46024.00129
2020/6/8,9746.99,9800,9633,9782.01,40664.66413,40664.66413
2020/6/7,9666.85,9802,9372.46,9746.99,57952.84839,57952.84839
2020/6/6,9621.17,9735,9531.05,9666.3,32752.95089,32752.95089
2020/6/5,9788.14,9854.75,9581,9621.16,47788.05005,47788.05005
2020/6/4,9666.32,9881.63,9450,9789.06,57456.10097,57456.10097
2020/6/3,9518.02,9690,9365.21,9666.24,46252.64494,46252.64494
2020/6/2,10202.71,10228.99,9266,9518.04,108970.7732,108970.7732
2020/6/1,9448.27,10380,9421.67,10200.77,76649.12696,76649.12696
2020/5/31,9697.72,9700,9381.41,9448.27,48333.7864,48333.7864
2020/5/30,9426.6,9740,9331.23,9697.72,55665.27254,55665.27254
2020/5/29,9575.87,9605.26,9330,9427.07,57374.36296,57374.36296
2020/5/28,9204.07,9625.47,9110,9575.89,74110.78766,74110.78766
2020/5/27,8841,9225,8811.73,9204.07,68910.35551,68910.35551
2020/5/26,8900.35,9017.67,8700,8841.18,58299.77014,58299.77014
2020/5/25,8718.14,8979.66,8642.72,8900.35,62833.91095,62833.91095
2020/5/24,9179.01,9298,8700,8720.34,70379.86645,70379.86645
2020/5/23,9170,9307.85,9070,9179.15,43526.29697,43526.29697
2020/5/22,9067.51,9271,8933.52,9170,58943.13102,58943.13102
2020/5/21,9511.43,9578.47,8815,9068.65,108928.781,108928.781
2020/5/20,9775.13,9842,9326,9511.43,74923.73809,74923.73809
2020/5/19,9733.93,9897.21,9474,9775.53,78539.76045,78539.76045
2020/5/18,9681.11,9950,9464.23,9733.93,82006.60358,82006.60358
2020/5/17,9380.81,9888,9322.1,9680.04,68647.76432,68647.76432
2020/5/16,9315.96,9588,9220,9381.27,59587.62786,59587.62786
2020/5/15,9791.97,9845.62,9150,9316.42,115890.7615,115890.7615
2020/5/14,9309.35,9939,9256.76,9791.98,129565.3775,129565.3775
2020/5/13,8810.99,9398,8792.99,9309.37,92466.27402,92466.27402
2020/5/12,8562.04,8978.26,8528.78,8810.79,86522.78007,86522.78007
2020/5/11,8722.77,9168,8200,8561.52,168807.2518,168807.2518
2020/5/10,9539.1,9574.83,8117,8722.77,183865.182,183865.182
2020/5/9,9800.02,9914.25,9520,9539.4,81950.67957,81950.67957
2020/5/8,9986.3,10035.96,9705,9800.01,100683.7964,100683.7964
2020/5/7,9143.4,10067,9021,9986.4,147154.6114,147154.6114
2020/5/6,9021.36,9395,8906.21,9142.92,105925.3024,105925.3024
2020/5/5,8871.92,9118.58,8760,9021.83,76480.76534,76480.76534
2020/5/4,8894.15,8950,8522,8871.96,84418.51233,84418.51233
2020/5/3,8972.58,9200,8712,8894.16,90126.06564,90126.06564
2020/5/2,8825.67,9010,8753,8972.05,59002.08755,59002.08755
2020/5/1,8620,9059.18,8613.56,8826.96,91468.81506,91468.81506
2020/4/30,8778.58,9460,8401,8620,206277.2141,206277.2141
2020/4/29,7738.58,8952.89,7710.05,8778.57,183546.8875,183546.8875
2020/4/28,7773.51,7780,7659.12,7738.98,46302.75264,46302.75264
2020/4/27,7693.1,7792.02,7606,7774.62,65441.33958,65441.33958
2020/4/26,7539.03,7700,7480,7693.1,50522.61621,50522.61621
2020/4/25,7505,7705,7431.07,7538.67,43874.42773,43874.42773
2020/4/24,7483.96,7615.96,7388,7505,60182.11994,60182.11994
2020/4/23,7125.12,7738,7020,7482.39,102773.5696,102773.5696
2020/4/22,6841.36,7156.38,6818,7125.14,61486.37733,61486.37733
2020/4/21,6828.98,6940,6762,6841.37,60109.71081,60109.71081
2020/4/20,7121.4,7220,6751,6826.83,90149.49137,90149.49137
2020/4/19,7248.6,7266.15,7055.6,7120.74,45664.86393,45664.86393
2020/4/18,7026.78,7293.08,7014.4,7248.6,49488.54282,49488.54282
2020/4/17,7101.99,7148.12,6972.98,7027.55,54126.50976,54126.50976
2020/4/16,6621.25,7190,6468.27,7101.94,125009.8575,125009.8575
2020/4/15,6868.57,6933,6605,6621.24,61571.38499,61571.38499
2020/4/14,6838.04,6978,6754.28,6868.7,69068.62329,69068.62329
2020/4/13,6903.79,6903.79,6575,6837.91,96415.47657,96415.47657
2020/4/12,6876.84,7177,6780,6903.79,73868.6665,73868.6665
2020/4/11,6858.92,6944.3,6760,6876.83,45470.29321,45470.29321
2020/4/10,7283.54,7295.75,6739.98,6858.92,104674.6234,104674.6234
2020/4/9,7360.26,7371.92,7108.08,7283.54,61094.87242,61094.87242
2020/4/8,7197.32,7420,7150,7361.28,76059.14584,76059.14584
2020/4/7,7329.9,7459.69,7077,7197.32,103585.1689,103585.1689
2020/4/6,6772.78,7355.14,6765,7329.9,118052.0008,118052.0008
2020/4/5,6857.41,6895.54,6677.52,6772.78,49685.35698,49685.35698
2020/4/4,6732.97,6990.41,6650.01,6856.99,72990.86114,72990.86114
2020/4/3,6793.86,7048,6602.1,6734.1,104080.2769,104080.2769
2020/4/2,6643.36,7198,6551,6794.09,149299.9069,149299.9069
2020/4/1,6412.14,6679.94,6150.11,6642.92,97500.7524,97500.7524
2020/3/31,6394.45,6523.23,6321.4,6410.44,72337.59526,72337.59526
2020/3/30,5880.5,6599,5857.76,6394.38,118889.55,118889.55
2020/3/29,6236.65,6266,5866.56,5881.42,63311.62771,63311.62771
2020/3/28,6359.11,6360,6024,6236.65,93159.69343,93159.69343
2020/3/27,6737.27,6842.59,6261,6359.11,82914.96835,82914.96835
2020/3/26,6677.42,6780,6510,6737.36,83026.55521,83026.55521
2020/3/25,6744.69,6957.96,6450,6677.43,132155.735,132155.735
2020/3/24,6465.25,6833,6371.33,6744.72,151138.0099,151138.0099
2020/3/23,5816.05,6600,5688,6467.31,164674.2158,164674.2158
2020/3/22,6187.04,6407.87,5734.01,5816.19,119115.9905,119115.9905
2020/3/21,6204.57,6456.98,5860.02,6186.98,128913.6684,128913.6684
2020/3/20,6162.05,6900,5670,6208.36,219298.3295,219298.3295
2020/3/19,5393.26,6400,5252.53,6162.37,199020.8734,199020.8734
2020/3/18,5312.64,5436.17,5009.37,5393.04,137127.6349,137127.6349
2020/3/17,5028.86,5525,4921.45,5312.64,150089.9263,150089.9263
2020/3/16,5360.33,5365.42,4442.12,5028.97,227276.9228,227276.9228
2020/3/15,5172.48,5940,5093.1,5361.3,139916.1465,139916.1465
2020/3/14,5576.05,5640.52,5055.13,5172.06,136910.136,136910.136
2020/3/13,4800.01,5955,3782.13,5578.6,402201.6738,402201.6738
2020/3/12,7934.58,7966.17,4410,4800,261505.6087,261505.6087
2020/3/11,7894.57,7980,7590,7934.52,79942.41117,79942.41117
2020/3/10,7929.87,8149,7728.01,7894.56,86783.44388,86783.44388
2020/3/9,8034.76,8179.31,7632.01,7929.87,116968.8633,116968.8633
2020/3/8,8885.25,8886.76,8000,8033.31,77537.31517,77537.31517
2020/3/7,9130.89,9188,8835,8886.66,45422.20453,45422.20453
2020/3/6,9054.64,9170,8985.5,9131.88,43782.94804,43782.94804
2020/3/5,8750.99,9159.42,8746.54,9054.68,58201.86636,58201.86636
2020/3/4,8760.07,8848.29,8660,8750.87,38696.48258,38696.48258
2020/3/3,8911.18,8919.65,8651,8760.07,55154.99728,55154.99728
